<?xml version="1.0" encoding="UTF-8"?>
<!--
/*
###############################################################################
# If you use PhysiCell in your project, please cite PhysiCell and the version #
# number, such as below:                                                      #
#                                                                             #
# We implemented and solved the model using PhysiCell (Version x.y.z) [1].    #
#                                                                             #
# [1] A Ghaffarizadeh, R Heiland, SH Friedman, SM Mumenthaler, and P Macklin, #
#     PhysiCell: an Open Source Physics-Based Cell Simulator for Multicellu-  #
#     lar Systems, PLoS Comput. Biol. 14(2): e1005991, 2018                   #
#     DOI: 10.1371/journal.pcbi.1005991                                       #
#                                                                             #
# See VERSION.txt or call get_PhysiCell_version() to get the current version  #
#     x.y.z. Call display_citations() to get detailed information on all cite-#
#     able software used in your PhysiCell application.                       #
#                                                                             #
# Because PhysiCell extensively uses BioFVM, we suggest you also cite BioFVM  #
#     as below:                                                               #
#                                                                             #
# We implemented and solved the model using PhysiCell (Version x.y.z) [1],    #
# with BioFVM [2] to solve the transport equations.                           #
#                                                                             #
# [1] A Ghaffarizadeh, R Heiland, SH Friedman, SM Mumenthaler, and P Macklin, #
#     PhysiCell: an Open Source Physics-Based Cell Simulator for Multicellu-  #
#     lar Systems, PLoS Comput. Biol. 14(2): e1005991, 2018                   #
#     DOI: 10.1371/journal.pcbi.1005991                                       #
#                                                                             #
# [2] A Ghaffarizadeh, SH Friedman, and P Macklin, BioFVM: an efficient para- #
#     llelized diffusive transport solver for 3-D biological simulations,     #
#     Bioinformatics 32(8): 1256-8, 2016. DOI: 10.1093/bioinformatics/btv730  #
#                                                                             #
###############################################################################
#                                                                             #
# BSD 3-Clause License (see https://opensource.org/licenses/BSD-3-Clause)     #
#                                                                             #
# Copyright (c) 2015-2018, Paul Macklin and the PhysiCell Project             #
# All rights reserved.                                                        #
#                                                                             #
# Redistribution and use in source and binary forms, with or without          #
# modification, are permitted provided that the following conditions are met: #
#                                                                             #
# 1. Redistributions of source code must retain the above copyright notice,   #
# this list of conditions and the following disclaimer.                       #
#                                                                             #
# 2. Redistributions in binary form must reproduce the above copyright        #
# notice, this list of conditions and the following disclaimer in the         #
# documentation and/or other materials provided with the distribution.        #
#                                                                             #
# 3. Neither the name of the copyright holder nor the names of its            #
# contributors may be used to endorse or promote products derived from this   #
# software without specific prior written permission.                         #
#                                                                             #
# THIS SOFTWARE IS PROVIDED BY THE COPYRIGHT HOLDERS AND CONTRIBUTORS "AS IS" #
# AND ANY EXPRESS OR IMPLIED WARRANTIES, INCLUDING, BUT NOT LIMITED TO, THE   #
# IMPLIED WARRANTIES OF MERCHANTABILITY AND FITNESS FOR A PARTICULAR PURPOSE  #
# ARE DISCLAIMED. IN NO EVENT SHALL THE COPYRIGHT HOLDER OR CONTRIBUTORS BE   #
# LIABLE FOR ANY DIRECT, INDIRECT, INCIDENTAL, SPECIAL, EXEMPLARY, OR         #
# CONSEQUENTIAL DAMAGES (INCLUDING, BUT NOT LIMITED TO, PROCUREMENT OF        #
# SUBSTITUTE GOODS OR SERVICES; LOSS OF USE, DATA, OR PROFITS; OR BUSINESS    #
# INTERRUPTION) HOWEVER CAUSED AND ON ANY THEORY OF LIABILITY, WHETHER IN     #
# CONTRACT, STRICT LIABILITY, OR TORT (INCLUDING NEGLIGENCE OR OTHERWISE)     #
# ARISING IN ANY WAY OUT OF THE USE OF THIS SOFTWARE, EVEN IF ADVISED OF THE  #
# POSSIBILITY OF SUCH DAMAGE.                                                 #
#                                                                             #
###############################################################################
*/
--> 

<!--
<user_details />
-->

<PhysiCell_settings version="devel-version">
	<domain>
		<x_min>-1500</x_min>
		<x_max>1500</x_max>
		<y_min>-1500</y_min>
		<y_max>1500</y_max>
		<z_min>-10</z_min>
		<z_max>10</z_max>
		<dx>20</dx>
		<dy>20</dy>
		<dz>20</dz>
		<use_2D>true</use_2D>
	</domain>
	
	<overall>
		<max_time units="min">4320</max_time>
		<time_units>min</time_units>
		<space_units>micron</space_units>
	</overall>
	
	<parallel>
		<omp_num_threads>1</omp_num_threads>
	</parallel> 
	
	<save>
		<folder>.</folder> <!-- use . for root --> 

		<full_data>
			<interval units="min">30</interval>
			<enable>true</enable>
		</full_data>
		
		<SVG>
			<interval units="min">30</interval>
			<enable>true</enable>
		</SVG>
		
		<legacy_data>
			<enable>false</enable>
		</legacy_data>
	</save>
	
	<microenvironment_setup>
		<variable name="virus" units="virions/micron" ID="0">
			<physical_parameter_set>
				<diffusion_coefficient units="micron^2/min">1.4766</diffusion_coefficient> <!--D_virus -->
				<decay_rate units="1/min">0.0029</decay_rate>  <!-- lambda_virus -->
			</physical_parameter_set>
			<initial_condition units="mmHg">0</initial_condition>
			<Dirichlet_boundary_condition units="mmHg" enabled="true">0</Dirichlet_boundary_condition>
		</variable>
		<options>
			<calculate_gradients>true</calculate_gradients>
			<track_internalized_substrates_in_each_agent>true</track_internalized_substrates_in_each_agent>
			<!-- not yet supported --> 
			<initial_condition type="matlab" enabled="false">
				<filename>./config/initial.mat</filename>
			</initial_condition>
			<!-- not yet supported --> 
			<dirichlet_nodes type="matlab" enabled="false">
				<filename>./config/dirichlet.mat</filename>
			</dirichlet_nodes>
		</options>
		<variable name="wall" units="mmHg" ID="1">
			<physical_parameter_set>
				<diffusion_coefficient units="micron^2/min">0</diffusion_coefficient>
				<decay_rate units="1/min">0.0</decay_rate>  
			</physical_parameter_set>
			<initial_condition units="mmHg">0</initial_condition>
			<Dirichlet_boundary_condition units="mmHg" enabled="true">0</Dirichlet_boundary_condition>
		</variable>
		<options>
			<calculate_gradients>true</calculate_gradients>
			<track_internalized_substrates_in_each_agent>true</track_internalized_substrates_in_each_agent>
			<!-- not yet supported --> 
			<initial_condition type="matlab" enabled="false">
				<filename>./config/initial.mat</filename>
			</initial_condition>
			<!-- not yet supported --> 
			<dirichlet_nodes type="matlab" enabled="false">
				<filename>./config/dirichlet.mat</filename>
			</dirichlet_nodes>
		</options>
			<variable name="chemokine" units="pg/ml" ID="2">
			<physical_parameter_set>
				<diffusion_coefficient units="micron^2/min">555.56</diffusion_coefficient> <!-- D_chemokine -->
				<decay_rate units="1/min">8.06*1e-6</decay_rate>  <!-- lambda_chemokine -->
			</physical_parameter_set>
			<initial_condition units="mmHg">0</initial_condition>
			<Dirichlet_boundary_condition units="mmHg" enabled="true">0</Dirichlet_boundary_condition>
		</variable>
		<options>
			<calculate_gradients>true</calculate_gradients>
			<track_internalized_substrates_in_each_agent>true</track_internalized_substrates_in_each_agent>
			<!-- not yet supported --> 
			<initial_condition type="matlab" enabled="false">
				<filename>./config/initial.mat</filename>
			</initial_condition>
			<!-- not yet supported --> 
			<dirichlet_nodes type="matlab" enabled="false">
				<filename>./config/dirichlet.mat</filename>
			</dirichlet_nodes>
		</options>
	</microenvironment_setup>	
	
	<user_parameters>
	
		<random_seed type="int" units="dimensionless">0</random_seed>
		
		<!-- for virus -->
		<rhostar_virus type="double" units="virus/micron">268.51</rhostar_virus> <!-- virus_saturation_density -->
		<V0 type="double" units="dimensionless">3.0248</V0> <!-- initial_virus_density -->
		<u_g type="double" units="1/min">0.002</u_g> <!-- GBM_virus_uptake_rate -->
		<m_half type="double" units="1/min">10</m_half> <!-- infection_threshold -->
		<gamma type="double" units="1/min">0.0081</gamma> <!-- virus_replication_rate   0.4886 -->
		<alpha type="double" units="virus">6600</alpha> <!-- virus_burst_number -->
		<rho_max type="double" units="virus">0.0125</rho_max> <!-- maximum density of virus that a cell can uptake -->
		<delta_V type="double" units="virus">0.1466</delta_V> <!-- viral_decay_from_burst_cell -->
		
		<!-- for cancer cells -->
		<R_cell_GBM type="double" units="micron">10.75</R_cell_GBM><!-- stroma_radius -->
		<V_N_GBM type="double" units="micron^3">740</V_N_GBM><!-- CD8 cell nuclear volume -->
		<N_GBM_sparse type="int" units="cells">5580</N_GBM_sparse> <!-- initial_GBM_cells_sparse -->
		<N_GBM_dense type="int" units="cells">12556</N_GBM_dense> <!-- initial_GBM_cells_dense-->
		<beta type="double" units="1/min">0.000735</beta> <!-- GBM_cell_proliferation_rate -->	
		<u_g type="double" units="1/min">0.02</u_g> <!-- GBM_virus_uptake_rate -->	
				
		<!-- for stroma cells -->
		<R_cell_stroma type="double" units="micron">7.5</R_cell_stroma><!-- stroma_radius -->
		<V_N_stroma type="double" units="micron^3">500</V_N_stroma><!-- CD8 cell nuclear volume -->
		<N_stroma_sparse type="int" units="cells">14306</N_stroma_sparse><!-- initial_stroma_cells_spars -->
		<N_stroma_dense type="int" units="cells">2861</N_stroma_dense> <!-- initial_stroma_cells_dense -->
		<u_s type="double" units="1/min">1</u_s> <!-- stroma_virus_uptake_rate -->
		
		<!-- for immune cells -->
		<R_cell_CD4_CD8 type="double" units="micron">3.6</R_cell_CD4_CD8> <!-- CD4 cell radius -->
		<V_N_CD4 type="double" units="micron^3">95.21</V_N_CD4><!-- CD4 cell nuclear volume -->
		<V_N_CD8 type="double" units="micron^3">96.23</V_N_CD8><!-- CD8 cell nuclear volume -->
		<nu type="double" units="micron/min">4</nu> <!-- base_migration_speed -->
		<nu_max type="double" units="micron/min">24.6</nu_max> <!-- CTL_max_speed -->
		<nu_star type="double" units="dimensionless">0.005</nu_star> <!-- Chemokine_motility_EC50 -->
		<b_CD8 type="double" units="dimensionless">0.85</b_CD8> <!-- CTL_chemokine_migration_bias -->
		<S_chemokine_CD4 type="double" units="1/min">0.0417</S_chemokine_CD4><!-- chemokine_secretion_rate -->
		<r_01_CD4 type="double" units="dimensionless">0.000079026</r_01_CD4> <!-- TH_prolif_rate -->
		<r_01_CD8 type="double" units="dimensionless">0.000072206</r_01_CD8><!-- CTL_prolif_rate -->
		<r_10 type="double" units="dimensionless">0.00143</r_10> <!-- Division rate -->
		<TH_prolif_increase_due_to_stimulus type="double" units="dimensionless">5</TH_prolif_increase_due_to_stimulus> <!--- XXX  -->
		<CTL_prolif_increase_due_to_stimulus type="double" units="dimensionless">100</CTL_prolif_increase_due_to_stimulus>  <!--- XXX  -->
		<d_attach type="double" units="1/min">50</d_attach> <!-- CD8 to infected cell attachment distance -->
		<rhostar_chemokine type="double" units="ng/micron">5</rhostar_chemokine> <!-- chemokine_saturation_density -->
		<tau type="double" units="min">50</tau><!-- time taken to kill cell -->
		
		<!-- Domain -->
		<R type="double" units="micron">1270</R> <!-- tumour radius -->		
		<kappa type="double" units="dimensionless">1.208</kappa> <!-- factor by which the radius of patches increases -->
		<proportion type="double" units="dimensionless">0.7</proportion> <!-- dense to sparse ratio -->	
		<xi type="double" units="cell/micron">0.0039</xi><!-- maximum_cell_density -->
		
		<!-- other -->
		<f_F type="double" units="dimensionless">0.75</f_F>
		<elastic_coefficient type="double" units="1/min">0.01</elastic_coefficient>	
				
	</user_parameters>
	
</PhysiCell_settings>
